{
    "accuracy": 0.9491371480472298,
    "precision": 0.8968253968253969,
    "recall": 0.7243589743589743
}
