{
    "accuracy": 0.950256035113387,
    "precision": 0.8910256410256411,
    "recall": 0.7315789473684211
}
